,Karta,Cena
0,"
Karta graficzna AFOX Geforce GT 210 1GB DDR2 (AF210-1024D2LG2)
","
197,55 zł



"
1,"
Karta graficzna AFOX GeForce GT 220 1GB GDDR3 (AF220-1024D3L2)
","
203,53 zł



"
2,"
Karta graficzna AFOX Radeon HD 5450 1GB DDR3 (AF5450-1024D3L4)
","
209,96 zł



"
3,"
Karta graficzna AFOX GeForce GT 210 1GB DDR3 (AF210-1024D3L8)
","
211,27 zł



"
4,"
Karta graficzna AFOX GeForce GT 240 1GB DDR3 (AF240-1024D3L2)
","
211,27 zł



"
5,"
Karta graficzna AFOX Radeon R5 220 1GB DDR3 (AFR5220-1024D3L9-V2)
","
219,09 zł



"
6,"
Karta graficzna AFOX GeForce GT 210 LP 1GB DDR3 (AF210-1024D3L5-V3)
","
229 zł



"
7,"
Karta graficzna Biostar GeForce GT 210 1GB DDR3 (VN2103NHG6-TBARL-BS2)
","
232,47 zł



"
8,"
Karta graficzna AFOX GeForce GT 610 1GB DDR3 (AF610-1024D3L5)
","
233,43 zł



"
9,"
Karta graficzna Palit GeForce GT 710 2GB DDR3 (NEAT7100HD46H)
","
239 zł



"
10,"
Karta graficzna AFOX Radeon R5 220 2GB GDDR3 (AFR5220-2048D3L4)
","
245,17 zł



"
11,"
Karta graficzna AFOX Radeon R5 230 1GB DDR3 (AFR5230-1024D3L9-V2)
 ","
246,48 zł



"
12,"
Karta graficzna AFOX Radeon R5 230 2GB DDR3 (AFR5230-2048D3L4)
","
273,87 zł



"
13,"
Karta graficzna AFOX Radeon HD 6450 2GB DDR3 (AF6450-2048D3L9-V2)
","
279,82 zł



"
14,"
Karta graficzna Inno3D GeForce GT 710 2GB DDR3 (N710-1SDV-E3BX)
","
279,84 zł
"
15,"
Karta graficzna Gainward GeForce GT 710 SilentFX 2GB DDR3 (426018336-3576)
","
280,51 zł



"
16,"
Karta graficzna AFOX GeForce GT 710 2GB DDR3 (AF710-2048D3L5-V3)
","
296,03 zł



"
17,"
Karta graficzna Gigabyte GeForce GT 710 2GB DDR3 (GV-N710D3-2GL 2.0)
","
306,97 zł



"
18,"
Karta graficzna Biostar GeForce GT 610 2GB DDR3 (VN6103THX6-TBBRL-BS2)
","
308,44 zł



"
19,"
Karta graficzna Gainward GeForce GT 730 SilentFX 2GB DDR3 (426018336-3224)
","
347 zł



"
20,"
Karta graficzna Palit GeForce GT 730 2GB DDR3 (NEAT7300HD46H)
","
349 zł



"
21,"
Karta graficzna PNY GeForce GT 730 2GB GDDR3 (VCG7302D3SFPPB)
","
352,48 zł



"
22,"
Karta graficzna Gigabyte GeForce GT 710 2GB GDDR5 (GV-N710D5-2GL)
","
353,39 zł



"
23,"
Karta graficzna MSI GeForce GT 730 2GB DDR3 (N730K-2GD3HLPV1)
","
359 zł



"
24,"
Karta graficzna Gigabyte GeForce GT 710 2GB GDDR5 (GV-N710D5SL-2GL 1.0)
","
359,90 zł



"
25,"
Karta graficzna Inno3D GeForce GT 730 2GB DDR3 (N730-1SDV-E3BX)
","
362,56 zł
"
26,"
Karta graficzna Gigabyte GeForce GT 710 2GB GDDR5 (GV-N710D5-2GIL)
","
366,70 zł



"
27,"
Karta graficzna Asus GeForce GT 730 2GB GDDR5 (GT730-SL-2GD5-BRK-E)
","
370,31 zł



"
28,"
Karta graficzna Inno3D GeForce GT 730 1GB DDR3 (N730-1SDV-D3BX)
","
373,50 zł



"
29,"
Karta graficzna Asus GeForce GT 730 2GB GDDR5 (GT730-SL-2GD5-BRK)
","
379 zł



"
